fpr,tpr
0.0,0.0
0.07019381875327396,0.558282208588957
1.0,1.0
